"Interest1(p0)","Interest1(p1)","Interest1(p2)","Interest1(p3)","Interest2(p0)","Interest2(p1)","Interest2(p2)","Interest2(p3)","Interest2(p4)","Interest3(p0)","Interest3(p1)","Interest3(p2)","Interest3(p3)","Interest3(p4)","Career(p0)","Career(p1)"
0.790569415042095,-0.456435464587639,-0.322748612183951,-0.25,0,0,0,0.979795897113271,-0.2,0.774596669241483,-0.447213595499958,-0.316227766016838,-0.244948974278318,-0.2,-1,1
