"Interest1(p0)","Interest1(p1)","Interest1(p2)","Interest2(p0)","Interest2(p1)","Interest2(p2)","Interest3(p0)","Interest3(p1)","Interest3(p2)","Career(p0)","Career(p1)"
0.816496580927726,-0.471404520791032,-0.333333333333333,-0.816496580927726,-0.471404520791032,-0.333333333333333,0,0,1,-1,1
